Table,key,Field,Order,Required,Primary,Oracle_dtype,mssql_dtype,LENGTH
DEMOGRAPHIC,PATID,PATID,1,Y,P,VARCHAR2,VARCHAR,
DEMOGRAPHIC,BIRTHDATE,BIRTH_DATE,2,N,,DATE,DATE,
DEMOGRAPHIC,BIRTHTIME,BIRTH_TIME,3,N,,VARCHAR2,VARCHAR,5
DEMOGRAPHIC,SEX,SEX,4,N,,VARCHAR2,VARCHAR,2
DEMOGRAPHIC,SEXUALORIENTATION,SEXUAL_ORIENTATION,5,N,,VARCHAR2,VARCHAR,2
DEMOGRAPHIC,GENDERIDENTITY,GENDER_IDENTITY,6,N,,VARCHAR2,VARCHAR,2
DEMOGRAPHIC,HISPANIC,HISPANIC,7,N,,VARCHAR2,VARCHAR,2
DEMOGRAPHIC,RACE,RACE,8,N,,VARCHAR2,VARCHAR,2
DEMOGRAPHIC,BIOBANKFLAG,BIOBANK_FLAG,9,N,,VARCHAR2,VARCHAR,1
DEMOGRAPHIC,PATPREFLANGUAGESPOKEN,PAT_PREF_LANGUAGE_SPOKEN,10,N,,VARCHAR2,VARCHAR,3
DEMOGRAPHIC,RSEX,RAW_SEX,11,N,,VARCHAR2,VARCHAR,
DEMOGRAPHIC,RSEXUALORIENTATION,RAW_SEXUAL_ORIENTATION,12,N,,VARCHAR2,VARCHAR,
DEMOGRAPHIC,RGENDERIDENTITY,RAW_GENDER_IDENTITY,13,N,,VARCHAR2,VARCHAR,
DEMOGRAPHIC,RHISPANIC,RAW_HISPANIC,14,N,,VARCHAR2,VARCHAR,
DEMOGRAPHIC,RRACE,RAW_RACE,15,N,,VARCHAR2,VARCHAR,
DEMOGRAPHIC,RPATPREFLANGUAGESPOKEN,RAW_PAT_PREF_LANGUAGE_SPOKEN,16,N,,VARCHAR2,VARCHAR,
DEMOGRAPHIC,ZIPCODE,ZIP_CODE,17,N,,VARCHAR2,VARCHAR,
DEMOGRAPHIC,RUCACODE,RUCA_CODE,18,N,,VARCHAR2,VARCHAR,
ENCOUNTER,ENCOUNTERID,ENCOUNTERID,1,Y,P,VARCHAR2,VARCHAR,
ENCOUNTER,PATID,PATID,2,Y,,VARCHAR2,VARCHAR,
ENCOUNTER,ADMITDATE,ADMIT_DATE,3,Y,,DATE,DATE,
ENCOUNTER,ADMITTIME,ADMIT_TIME,4,N,,VARCHAR2,VARCHAR,5
ENCOUNTER,DISCHARGEDATE,DISCHARGE_DATE,5,N,,DATE,DATE,
ENCOUNTER,DISCHARGETIME,DISCHARGE_TIME,6,N,,VARCHAR2,VARCHAR,5
ENCOUNTER,PROVIDERID,PROVIDERID,7,N,,VARCHAR2,VARCHAR,
ENCOUNTER,FACILITYLOCATION,FACILITY_LOCATION,8,N,,VARCHAR2,VARCHAR,5
ENCOUNTER,ENCTYPE,ENC_TYPE,9,Y,,VARCHAR2,VARCHAR,2
ENCOUNTER,FACILITYID,FACILITYID,10,N,,VARCHAR2,VARCHAR,
ENCOUNTER,DISCHARGEDISPOSITION,DISCHARGE_DISPOSITION,11,N,,VARCHAR2,VARCHAR,2
ENCOUNTER,DISCHARGESTATUS,DISCHARGE_STATUS,12,N,,VARCHAR2,VARCHAR,2
ENCOUNTER,DRG,DRG,13,N,,VARCHAR2,VARCHAR,3
ENCOUNTER,DRGTYPE,DRG_TYPE,14,N,,VARCHAR2,VARCHAR,2
ENCOUNTER,ADMITTINGSOURCE,ADMITTING_SOURCE,15,N,,VARCHAR2,VARCHAR,2
ENCOUNTER,PAYERTYPEPRIMARY,PAYER_TYPE_PRIMARY,16,N,,VARCHAR2,VARCHAR,5
ENCOUNTER,PAYERTYPESECONDARY,PAYER_TYPE_SECONDARY,17,N,,VARCHAR2,VARCHAR,5
ENCOUNTER,FACILITYTYPE,FACILITY_TYPE,18,N,,VARCHAR2,VARCHAR,
ENCOUNTER,RSITEID,RAW_SITEID,19,N,,VARCHAR2,VARCHAR,
ENCOUNTER,RENCTYPE,RAW_ENC_TYPE,20,N,,VARCHAR2,VARCHAR,
ENCOUNTER,RDISCHARGEDISPOSITION,RAW_DISCHARGE_DISPOSITION,21,N,,VARCHAR2,VARCHAR,
ENCOUNTER,RDISCHARGESTATUS,RAW_DISCHARGE_STATUS,22,N,,VARCHAR2,VARCHAR,
ENCOUNTER,RDRGTYPE,RAW_DRG_TYPE,23,N,,VARCHAR2,VARCHAR,
ENCOUNTER,RADMITTINGSOURCE,RAW_ADMITTING_SOURCE,24,N,,VARCHAR2,VARCHAR,
ENCOUNTER,RFACILITYTYPE,RAW_FACILITY_TYPE,25,N,,VARCHAR2,VARCHAR,
ENCOUNTER,RPAYERTYPEPRIMARY,RAW_PAYER_TYPE_PRIMARY,26,N,,VARCHAR2,VARCHAR,
ENCOUNTER,RPAYERNAMEPRIMARY,RAW_PAYER_NAME_PRIMARY,27,N,,VARCHAR2,VARCHAR,
ENCOUNTER,RPAYERIDPRIMARY,RAW_PAYER_ID_PRIMARY,28,N,,VARCHAR2,VARCHAR,
ENCOUNTER,RPAYERTYPESECONDARY,RAW_PAYER_TYPE_SECONDARY,29,N,,VARCHAR2,VARCHAR,
ENCOUNTER,RPAYERNAMESECONDARY,RAW_PAYER_NAME_SECONDARY,30,N,,VARCHAR2,VARCHAR,
ENCOUNTER,RPAYERIDSECONDARY,RAW_PAYER_ID_SECONDARY,31,N,,VARCHAR2,VARCHAR,
ENROLLMENT,PATID,PATID,1,Y,P,VARCHAR2,VARCHAR,
ENROLLMENT,ENRSTARTDATE,ENR_START_DATE,2,Y,P,DATE,DATE,
ENROLLMENT,ENRENDDATE,ENR_END_DATE,3,N,,DATE,DATE,
ENROLLMENT,CHART,CHART,4,N,,VARCHAR2,VARCHAR,1
ENROLLMENT,ENRBASIS,ENR_BASIS,5,Y,P,VARCHAR2,VARCHAR,1
DIAGNOSIS,DIAGNOSISID,DIAGNOSISID,1,Y,P,VARCHAR2,VARCHAR,
DIAGNOSIS,PATID,PATID,2,Y,,VARCHAR2,VARCHAR,
DIAGNOSIS,ENCOUNTERID,ENCOUNTERID,3,N,,VARCHAR2,VARCHAR,
DIAGNOSIS,ENCTYPE,ENC_TYPE,4,N,,VARCHAR2,VARCHAR,2
DIAGNOSIS,ADMITDATE,ADMIT_DATE,5,N,,DATE,DATE,
DIAGNOSIS,PROVIDERID,PROVIDERID,6,N,,VARCHAR2,VARCHAR,
DIAGNOSIS,DX,DX,7,Y,,VARCHAR2,VARCHAR,18
DIAGNOSIS,DXTYPE,DX_TYPE,8,Y,,VARCHAR2,VARCHAR,2
DIAGNOSIS,DXDATE,DX_DATE,9,N,,DATE,DATE,
DIAGNOSIS,DXSOURCE,DX_SOURCE,10,Y,,VARCHAR2,VARCHAR,2
DIAGNOSIS,DXORIGIN,DX_ORIGIN,11,N,,VARCHAR2,VARCHAR,2
DIAGNOSIS,PDX,PDX,12,N,,VARCHAR2,VARCHAR,2
DIAGNOSIS,DXPOA,DX_POA,13,N,,VARCHAR2,VARCHAR,2
DIAGNOSIS,RDX,RAW_DX,14,N,,VARCHAR2,VARCHAR,
DIAGNOSIS,RDXTYPE,RAW_DX_TYPE,15,N,,VARCHAR2,VARCHAR,
DIAGNOSIS,RDXSOURCE,RAW_DX_SOURCE,16,N,,VARCHAR2,VARCHAR,
DIAGNOSIS,RPDX,RAW_PDX,17,N,,VARCHAR2,VARCHAR,
DIAGNOSIS,RDXPOA,RAW_DX_POA,18,N,,VARCHAR2,VARCHAR,
PROCEDURES,PROCEDURESID,PROCEDURESID,1,Y,P,VARCHAR2,VARCHAR,
PROCEDURES,PATID,PATID,2,Y,,VARCHAR2,VARCHAR,
PROCEDURES,ENCOUNTERID,ENCOUNTERID,3,N,,VARCHAR2,VARCHAR,
PROCEDURES,ENCTYPE,ENC_TYPE,4,N,,VARCHAR2,VARCHAR,2
PROCEDURES,ADMITDATE,ADMIT_DATE,5,N,,DATE,DATE,
PROCEDURES,PROVIDERID,PROVIDERID,6,N,,VARCHAR2,VARCHAR,
PROCEDURES,PXDATE,PX_DATE,7,N,,DATE,DATE,
PROCEDURES,PX,PX,8,Y,,VARCHAR2,VARCHAR,11
PROCEDURES,PXTYPE,PX_TYPE,9,Y,,VARCHAR2,VARCHAR,2
PROCEDURES,PXSOURCE,PX_SOURCE,10,N,,VARCHAR2,VARCHAR,2
PROCEDURES,PPX,PPX,11,N,,VARCHAR2,VARCHAR,2
PROCEDURES,RPX,RAW_PX,12,N,,VARCHAR2,VARCHAR,
PROCEDURES,RPXTYPE,RAW_PX_TYPE,13,N,,VARCHAR2,VARCHAR,
PROCEDURES,RPPX,RAW_PPX,14,N,,VARCHAR2,VARCHAR,
VITAL,VITALID,VITALID,1,Y,P,VARCHAR2,VARCHAR,
VITAL,PATID,PATID,2,Y,,VARCHAR2,VARCHAR,
VITAL,ENCOUNTERID,ENCOUNTERID,3,N,,VARCHAR2,VARCHAR,
VITAL,MEASUREDATE,MEASURE_DATE,4,Y,,DATE,DATE,
VITAL,MEASURETIME,MEASURE_TIME,5,N,,VARCHAR2,VARCHAR,5
VITAL,VITALSOURCE,VITAL_SOURCE,6,Y,,VARCHAR2,VARCHAR,2
VITAL,HT,HT,7,N,,FLOAT,FLOAT,
VITAL,WT,WT,8,N,,FLOAT,FLOAT,
VITAL,DIASTOLIC,DIASTOLIC,9,N,,FLOAT,FLOAT,
VITAL,SYSTOLIC,SYSTOLIC,10,N,,FLOAT,FLOAT,
VITAL,ORIGINALBMI,ORIGINAL_BMI,11,N,,FLOAT,FLOAT,
VITAL,BPPOSITION,BP_POSITION,12,N,,VARCHAR2,VARCHAR,2
VITAL,SMOKING,SMOKING,13,N,,VARCHAR2,VARCHAR,2
VITAL,TOBACCO,TOBACCO,14,N,,VARCHAR2,VARCHAR,2
VITAL,TOBACCOTYPE,TOBACCO_TYPE,15,N,,VARCHAR2,VARCHAR,2
VITAL,RDIASTOLIC,RAW_DIASTOLIC,16,N,,VARCHAR2,VARCHAR,
VITAL,RSYSTOLIC,RAW_SYSTOLIC,17,N,,VARCHAR2,VARCHAR,
VITAL,RBPPOSITION,RAW_BP_POSITION,18,N,,VARCHAR2,VARCHAR,
VITAL,RSMOKING,RAW_SMOKING,19,N,,VARCHAR2,VARCHAR,
VITAL,RTOBACCO,RAW_TOBACCO,20,N,,VARCHAR2,VARCHAR,
VITAL,RTOBACCOTYPE,RAW_TOBACCO_TYPE,21,N,,VARCHAR2,VARCHAR,
VITAL,RVITALSOURCE,RAW_VITAL_SOURCE,22,N,,VARCHAR2,VARCHAR,
DISPENSING,DISPENSINGID,DISPENSINGID,1,Y,P,VARCHAR2,VARCHAR,
DISPENSING,PATID,PATID,2,Y,,VARCHAR2,VARCHAR,
DISPENSING,PRESCRIBINGID,PRESCRIBINGID,3,N,,VARCHAR2,VARCHAR,
DISPENSING,DISPENSEDATE,DISPENSE_DATE,4,Y,,DATE,DATE,
DISPENSING,NDC,NDC,5,Y,,VARCHAR2,VARCHAR,11
DISPENSING,DISPENSESOURCE,DISPENSE_SOURCE,6,N,,VARCHAR2,VARCHAR,2
DISPENSING,DISPENSESUP,DISPENSE_SUP,7,N,,FLOAT,FLOAT,
DISPENSING,DISPENSEAMT,DISPENSE_AMT,8,N,,FLOAT,FLOAT,
DISPENSING,DISPENSEDOSEDISP,DISPENSE_DOSE_DISP,9,N,,NUMBER,NUMERIC,
DISPENSING,DISPENSEDOSEDISPUNIT,DISPENSE_DOSE_DISP_UNIT,10,N,,VARCHAR2,VARCHAR,
DISPENSING,DISPENSEROUTE,DISPENSE_ROUTE,11,N,,VARCHAR2,VARCHAR,
DISPENSING,RNDC,RAW_NDC,12,N,,VARCHAR2,VARCHAR,
DISPENSING,RDISPENSEDOSEDISP,RAW_DISPENSE_DOSE_DISP,13,N,,VARCHAR2,VARCHAR,
DISPENSING,RDISPENSEDOSEDISPUNIT,RAW_DISPENSE_DOSE_DISP_UNIT,14,N,,VARCHAR2,VARCHAR,
DISPENSING,RDISPENSEROUTE,RAW_DISPENSE_ROUTE,15,N,,VARCHAR2,VARCHAR,
LAB_RESULT_CM,LABRESULTCMID,LAB_RESULT_CM_ID,1,Y,P,VARCHAR2,VARCHAR,
LAB_RESULT_CM,PATID,PATID,2,Y,,VARCHAR2,VARCHAR,
LAB_RESULT_CM,ENCOUNTERID,ENCOUNTERID,3,N,,VARCHAR2,VARCHAR,
LAB_RESULT_CM,SPECIMENSOURCE,SPECIMEN_SOURCE,4,N,,VARCHAR2,VARCHAR,
LAB_RESULT_CM,LABLOINC,LAB_LOINC,5,N,,VARCHAR2,VARCHAR,10
LAB_RESULT_CM,LABRESULTSOURCE,LAB_RESULT_SOURCE,6,N,,VARCHAR2,VARCHAR,2
LAB_RESULT_CM,LABLOINCSOURCE,LAB_LOINC_SOURCE,7,N,,VARCHAR2,VARCHAR,2
LAB_RESULT_CM,PRIORITY,PRIORITY,8,N,,VARCHAR2,VARCHAR,2
LAB_RESULT_CM,RESULTLOC,RESULT_LOC,9,N,,VARCHAR2,VARCHAR,2
LAB_RESULT_CM,LABPX,LAB_PX,10,N,,VARCHAR2,VARCHAR,11
LAB_RESULT_CM,LABPXTYPE,LAB_PX_TYPE,11,N,,VARCHAR2,VARCHAR,2
LAB_RESULT_CM,LABORDERDATE,LAB_ORDER_DATE,12,N,,DATE,DATE,
LAB_RESULT_CM,SPECIMENDATE,SPECIMEN_DATE,13,N,,DATE,DATE,
LAB_RESULT_CM,SPECIMENTIME,SPECIMEN_TIME,14,N,,VARCHAR2,VARCHAR,5
LAB_RESULT_CM,RESULTDATE,RESULT_DATE,15,Y,,DATE,DATE,
LAB_RESULT_CM,RESULTTIME,RESULT_TIME,16,N,,VARCHAR2,VARCHAR,5
LAB_RESULT_CM,RESULTQUAL,RESULT_QUAL,17,N,,VARCHAR2,VARCHAR,
LAB_RESULT_CM,RESULTSNOMED,RESULT_SNOMED,18,N,,VARCHAR2,VARCHAR,
LAB_RESULT_CM,RESULTNUM,RESULT_NUM,19,N,,FLOAT,FLOAT,
LAB_RESULT_CM,RESULTMODIFIER,RESULT_MODIFIER,20,N,,VARCHAR2,VARCHAR,2
LAB_RESULT_CM,RESULTUNIT,RESULT_UNIT,21,N,,VARCHAR2,VARCHAR,
LAB_RESULT_CM,NORMRANGELOW,NORM_RANGE_LOW,22,N,,VARCHAR2,VARCHAR,10
LAB_RESULT_CM,NORMMODIFIERLOW,NORM_MODIFIER_LOW,23,N,,VARCHAR2,VARCHAR,2
LAB_RESULT_CM,NORMRANGEHIGH,NORM_RANGE_HIGH,24,N,,VARCHAR2,VARCHAR,10
LAB_RESULT_CM,NORMMODIFIERHIGH,NORM_MODIFIER_HIGH,25,N,,VARCHAR2,VARCHAR,2
LAB_RESULT_CM,ABNIND,ABN_IND,26,N,,VARCHAR2,VARCHAR,2
LAB_RESULT_CM,RLABNAME,RAW_LAB_NAME,27,N,,VARCHAR2,VARCHAR,
LAB_RESULT_CM,RLABCODE,RAW_LAB_CODE,28,N,,VARCHAR2,VARCHAR,
LAB_RESULT_CM,RPANEL,RAW_PANEL,29,N,,VARCHAR2,VARCHAR,
LAB_RESULT_CM,RRESULT,RAW_RESULT,30,N,,VARCHAR2,VARCHAR,
LAB_RESULT_CM,RUNIT,RAW_UNIT,31,N,,VARCHAR2,VARCHAR,
LAB_RESULT_CM,RORDERDEPT,RAW_ORDER_DEPT,32,N,,VARCHAR2,VARCHAR,
LAB_RESULT_CM,RFACILITYCODE,RAW_FACILITY_CODE,33,N,,VARCHAR2,VARCHAR,
CONDITION,CONDITIONID,CONDITIONID,1,Y,P,VARCHAR2,VARCHAR,
CONDITION,PATID,PATID,2,Y,,VARCHAR2,VARCHAR,
CONDITION,ENCOUNTERID,ENCOUNTERID,3,N,,VARCHAR2,VARCHAR,
CONDITION,REPORTDATE,REPORT_DATE,4,N,,DATE,DATE,
CONDITION,RESOLVEDATE,RESOLVE_DATE,5,N,,DATE,DATE,
CONDITION,ONSETDATE,ONSET_DATE,6,N,,DATE,DATE,
CONDITION,CONDITIONSTATUS,CONDITION_STATUS,7,N,,VARCHAR2,VARCHAR,2
CONDITION,CONDITION,CONDITION,8,Y,,VARCHAR2,VARCHAR,18
CONDITION,CONDITIONTYPE,CONDITION_TYPE,9,Y,,VARCHAR2,VARCHAR,2
CONDITION,CONDITIONSOURCE,CONDITION_SOURCE,10,Y,,VARCHAR2,VARCHAR,2
CONDITION,RCONDITIONSTATUS,RAW_CONDITION_STATUS,11,N,,VARCHAR2,VARCHAR,
CONDITION,RCONDITION,RAW_CONDITION,12,N,,VARCHAR2,VARCHAR,
CONDITION,RCONDITIONTYPE,RAW_CONDITION_TYPE,13,N,,VARCHAR2,VARCHAR,
CONDITION,RCONDITIONSOURCE,RAW_CONDITION_SOURCE,14,N,,VARCHAR2,VARCHAR,
PRO_CM,PROCMID,PRO_CM_ID,1,Y,P,VARCHAR2,VARCHAR,
PRO_CM,PATID,PATID,2,Y,,VARCHAR2,VARCHAR,
PRO_CM,ENCOUNTERID,ENCOUNTERID,3,N,,VARCHAR2,VARCHAR,
PRO_CM,PRODATE,PRO_DATE,4,Y,,DATE,DATE,
PRO_CM,PROTIME,PRO_TIME,5,N,,VARCHAR2,VARCHAR,5
PRO_CM,EVENTCODE,EVENT_CODE,6,N,,VARCHAR2,VARCHAR,
PRO_CM,PROTYPE,PRO_TYPE,7,N,,VARCHAR2,VARCHAR,2
PRO_CM,PROITEMNAME,PRO_ITEM_NAME,8,N,,VARCHAR2,VARCHAR,
PRO_CM,PROITEMLOINC,PRO_ITEM_LOINC,9,N,,VARCHAR2,VARCHAR,10
PRO_CM,PRORESPONSETEXT,PRO_RESPONSE_TEXT,10,N,,VARCHAR2,VARCHAR,
PRO_CM,PRORESPONSENUM,PRO_RESPONSE_NUM,11,N,,NUMBER,NUMERIC,
PRO_CM,PROMETHOD,PRO_METHOD,12,N,,VARCHAR2,VARCHAR,2
PRO_CM,PROMODE,PRO_MODE,13,N,,VARCHAR2,VARCHAR,2
PRO_CM,PROCAT,PRO_CAT,14,N,,VARCHAR2,VARCHAR,2
PRO_CM,PROSOURCE,PRO_SOURCE,15,N,,VARCHAR2,VARCHAR,2
PRO_CM,PROITEMVERSION,PRO_ITEM_VERSION,16,N,,VARCHAR2,VARCHAR,
PRO_CM,PROMEASURENAME,PRO_MEASURE_NAME,17,N,,VARCHAR2,VARCHAR,
PRO_CM,PROMEASURESEQ,PRO_MEASURE_SEQ,18,N,,VARCHAR2,VARCHAR,
PRO_CM,PROMEASURESCORE,PRO_MEASURE_SCORE,19,N,,NUMBER,NUMERIC,
PRO_CM,PROMEASURETHETA,PRO_MEASURE_THETA,20,N,,NUMBER,NUMERIC,
PRO_CM,PROMEASURESCALEDTSCORE,PRO_MEASURE_SCALED_TSCORE,21,N,,NUMBER,NUMERIC,
PRO_CM,PROMEASURESTANDARDERROR,PRO_MEASURE_STANDARD_ERROR,22,N,,NUMBER,NUMERIC,
PRO_CM,PROMEASURECOUNTSCORED,PRO_MEASURE_COUNT_SCORED,23,N,,NUMBER,NUMERIC,
PRO_CM,PROMEASURELOINC,PRO_MEASURE_LOINC,24,N,,VARCHAR2,VARCHAR,10
PRO_CM,PROMEASUREVERSION,PRO_MEASURE_VERSION,25,N,,VARCHAR2,VARCHAR,
PRO_CM,PROITEMFULLNAME,PRO_ITEM_FULLNAME,26,N,,VARCHAR2,VARCHAR,
PRO_CM,PROITEMTEXT,PRO_ITEM_TEXT,27,N,,VARCHAR2,VARCHAR,
PRO_CM,PROMEASUREFULLNAME,PRO_MEASURE_FULLNAME,28,N,,VARCHAR2,VARCHAR,
PRO_CM,PATHCODE,PATH_CODE,29,N,,VARCHAR2,VARCHAR,
PRO_CM,PRORESPONSEDATE,PRO_RESPONSE_DATE,30,N,,TIMESTAMP(0),,
PRO_CM,DATEMISSING,DATE_MISSING,31,N,,VARCHAR2,VARCHAR,
PRO_CM,RPROCODE,RAW_PRO_CODE,32,N,,VARCHAR2,VARCHAR,
PRO_CM,RPRORESPONSE,RAW_PRO_RESPONSE,33,N,,VARCHAR2,VARCHAR,
PRESCRIBING,PRESCRIBINGID,PRESCRIBINGID,1,Y,P,VARCHAR2,VARCHAR,
PRESCRIBING,PATID,PATID,2,Y,,VARCHAR2,VARCHAR,
PRESCRIBING,ENCOUNTERID,ENCOUNTERID,3,N,,VARCHAR2,VARCHAR,
PRESCRIBING,RXPROVIDERID,RX_PROVIDERID,4,N,,VARCHAR2,VARCHAR,
PRESCRIBING,RXORDERDATE,RX_ORDER_DATE,5,N,,DATE,DATE,
PRESCRIBING,RXORDERTIME,RX_ORDER_TIME,6,N,,VARCHAR2,VARCHAR,5
PRESCRIBING,RXSTARTDATE,RX_START_DATE,7,N,,DATE,DATE,
PRESCRIBING,RXENDDATE,RX_END_DATE,8,N,,DATE,DATE,
PRESCRIBING,RXDOSEORDERED,RX_DOSE_ORDERED,9,N,,NUMBER,NUMERIC,
PRESCRIBING,RXDOSEORDEREDUNIT,RX_DOSE_ORDERED_UNIT,10,N,,VARCHAR2,VARCHAR,
PRESCRIBING,RXQUANTITY,RX_QUANTITY,11,N,,FLOAT,FLOAT,
PRESCRIBING,RXDOSEFORM,RX_DOSE_FORM,12,N,,VARCHAR2,VARCHAR,
PRESCRIBING,RXREFILLS,RX_REFILLS,13,N,,FLOAT,FLOAT,
PRESCRIBING,RXDAYSSUPPLY,RX_DAYS_SUPPLY,14,N,,FLOAT,FLOAT,
PRESCRIBING,RXFREQUENCY,RX_FREQUENCY,15,N,,VARCHAR2,VARCHAR,2
PRESCRIBING,RXPRNFLAG,RX_PRN_FLAG,16,N,,VARCHAR2,VARCHAR,1
PRESCRIBING,RXROUTE,RX_ROUTE,17,N,,VARCHAR2,VARCHAR,
PRESCRIBING,RXBASIS,RX_BASIS,18,N,,VARCHAR2,VARCHAR,2
PRESCRIBING,RXNORMCUI,RXNORM_CUI,19,N,,VARCHAR2,VARCHAR,8
PRESCRIBING,RXSOURCE,RX_SOURCE,20,N,,VARCHAR2,VARCHAR,2
PRESCRIBING,RXDISPENSEASWRITTEN,RX_DISPENSE_AS_WRITTEN,21,N,,VARCHAR2,VARCHAR,2
PRESCRIBING,RRXMEDNAME,RAW_RX_MED_NAME,22,N,,VARCHAR2,VARCHAR,
PRESCRIBING,RRXFREQUENCY,RAW_RX_FREQUENCY,23,N,,VARCHAR2,VARCHAR,
PRESCRIBING,RRXNORMCUI,RAW_RXNORM_CUI,24,N,,VARCHAR2,VARCHAR,
PRESCRIBING,RRXQUANTITY,RAW_RX_QUANTITY,25,N,,VARCHAR2,VARCHAR,
PRESCRIBING,RRXNDC,RAW_RX_NDC,26,N,,VARCHAR2,VARCHAR,
PRESCRIBING,RRXDOSEORDERED,RAW_RX_DOSE_ORDERED,27,N,,VARCHAR2,VARCHAR,
PRESCRIBING,RRXDOSEORDEREDUNIT,RAW_RX_DOSE_ORDERED_UNIT,28,N,,VARCHAR2,VARCHAR,
PRESCRIBING,RRXROUTE,RAW_RX_ROUTE,29,N,,VARCHAR2,VARCHAR,
PRESCRIBING,RRXREFILLS,RAW_RX_REFILLS,30,N,,VARCHAR2,VARCHAR,
PCORNET_TRIAL,PATID,PATID,1,Y,P,VARCHAR2,VARCHAR,
PCORNET_TRIAL,TRIALID,TRIALID,2,Y,P,VARCHAR2,VARCHAR,20
PCORNET_TRIAL,PARTICIPANTID,PARTICIPANTID,3,Y,P,VARCHAR2,VARCHAR,
PCORNET_TRIAL,TRIALSITEID,TRIAL_SITEID,4,N,,VARCHAR2,VARCHAR,
PCORNET_TRIAL,TRIALENROLLDATE,TRIAL_ENROLL_DATE,5,N,,DATE,DATE,
PCORNET_TRIAL,TRIALENDDATE,TRIAL_END_DATE,6,N,,DATE,DATE,
PCORNET_TRIAL,TRIALWITHDRDATE,TRIAL_WITHDRAW_DATE,7,N,,DATE,DATE,
PCORNET_TRIAL,TRIALINVITECODE,TRIAL_INVITE_CODE,8,N,,VARCHAR2,VARCHAR,20
DEATH,PATID,PATID,1,Y,P,VARCHAR2,VARCHAR,
DEATH,DEATHDATE,DEATH_DATE,2,N,,DATE,DATE,
DEATH,DEATHDATEIMPUTE,DEATH_DATE_IMPUTE,3,N,,VARCHAR2,VARCHAR,2
DEATH,DEATHSOURCE,DEATH_SOURCE,4,Y,,VARCHAR2,VARCHAR,2
DEATH,DEATHMATCHCONFIDENCE,DEATH_MATCH_CONFIDENCE,5,N,,VARCHAR2,VARCHAR,2
DEATH_CAUSE,PATID,PATID,1,Y,P,VARCHAR2,VARCHAR,
DEATH_CAUSE,DEATHCAUSE,DEATH_CAUSE,2,Y,P,VARCHAR2,VARCHAR,8
DEATH_CAUSE,DEATHCAUSECODE,DEATH_CAUSE_CODE,3,Y,P,VARCHAR2,VARCHAR,2
DEATH_CAUSE,DEATHCAUSETYPE,DEATH_CAUSE_TYPE,4,Y,P,VARCHAR2,VARCHAR,2
DEATH_CAUSE,DEATHCAUSESOURCE,DEATH_CAUSE_SOURCE,5,Y,P,VARCHAR2,VARCHAR,2
DEATH_CAUSE,DEATHCAUSECONFIDENCE,DEATH_CAUSE_CONFIDENCE,6,N,,VARCHAR2,VARCHAR,2
MED_ADMIN,MEDADMINID,MEDADMINID,1,Y,P,VARCHAR2,VARCHAR,
MED_ADMIN,PATID,PATID,2,Y,,VARCHAR2,VARCHAR,
MED_ADMIN,ENCOUNTERID,ENCOUNTERID,3,N,,VARCHAR2,VARCHAR,
MED_ADMIN,PRESCRIBINGID,PRESCRIBINGID,4,N,,VARCHAR2,VARCHAR,
MED_ADMIN,MEDADMINPROVIDERID,MEDADMIN_PROVIDERID,5,N,,VARCHAR2,VARCHAR,
MED_ADMIN,MEDADMINSTARTDATE,MEDADMIN_START_DATE,6,Y,,DATE,DATE,
MED_ADMIN,MEDADMINSTARTTIME,MEDADMIN_START_TIME,7,N,,VARCHAR2,VARCHAR,5
MED_ADMIN,MEDADMINSTOPDATE,MEDADMIN_STOP_DATE,8,N,,DATE,DATE,
MED_ADMIN,MEDADMINSTOPTIME,MEDADMIN_STOP_TIME,9,N,,VARCHAR2,VARCHAR,5
MED_ADMIN,MEDADMINTYPE,MEDADMIN_TYPE,10,N,,VARCHAR2,VARCHAR,2
MED_ADMIN,MEDADMINCODE,MEDADMIN_CODE,11,N,,VARCHAR2,VARCHAR,
MED_ADMIN,MEDADMINDOSEADMIN,MEDADMIN_DOSE_ADMIN,12,N,,NUMBER,NUMERIC,
MED_ADMIN,MEDADMINDOSEADMINUNIT,MEDADMIN_DOSE_ADMIN_UNIT,13,N,,VARCHAR2,VARCHAR,
MED_ADMIN,MEDADMINROUTE,MEDADMIN_ROUTE,14,N,,VARCHAR2,VARCHAR,
MED_ADMIN,MEDADMINSOURCE,MEDADMIN_SOURCE,15,N,,VARCHAR2,VARCHAR,2
MED_ADMIN,RMEDADMINMEDNAME,RAW_MEDADMIN_MED_NAME,16,N,,VARCHAR2,VARCHAR,
MED_ADMIN,RMEDADMINCODE,RAW_MEDADMIN_CODE,17,N,,VARCHAR2,VARCHAR,
MED_ADMIN,RMEDADMINDOSEADMIN,RAW_MEDADMIN_DOSE_ADMIN,18,N,,VARCHAR2,VARCHAR,
MED_ADMIN,RMEDADMINDOSEADMINUNIT,RAW_MEDADMIN_DOSE_ADMIN_UNIT,19,N,,VARCHAR2,VARCHAR,
MED_ADMIN,RMEDADMINROUTE,RAW_MEDADMIN_ROUTE,20,N,,VARCHAR2,VARCHAR,
PROVIDER,PROVIDERID,PROVIDERID,1,Y,P,VARCHAR2,VARCHAR,
PROVIDER,PROVIDERSEX,PROVIDER_SEX,2,N,,VARCHAR2,VARCHAR,2
PROVIDER,PROVIDERSPECIALTYPRIMARY,PROVIDER_SPECIALTY_PRIMARY,3,N,,VARCHAR2,VARCHAR,
PROVIDER,PROVIDERNPI,PROVIDER_NPI,4,N,,NUMBER,NUMERIC,
PROVIDER,PROVIDERNPIFLAG,PROVIDER_NPI_FLAG,5,N,,VARCHAR2,VARCHAR,1
PROVIDER,RPROVIDERSPECIALTYPRIMARY,RAW_PROVIDER_SPECIALTY_PRIMARY,6,N,,VARCHAR2,VARCHAR,
OBS_CLIN,OBSCLINID,OBSCLINID,1,Y,P,VARCHAR2,VARCHAR,
OBS_CLIN,PATID,PATID,2,Y,,VARCHAR2,VARCHAR,
OBS_CLIN,ENCOUNTERID,ENCOUNTERID,3,N,,VARCHAR2,VARCHAR,
OBS_CLIN,OBSCLINPROVIDERID,OBSCLIN_PROVIDERID,4,N,,VARCHAR2,VARCHAR,
OBS_CLIN,OBSCLINDATE,OBSCLIN_DATE,5,Y,,DATE,DATE,
OBS_CLIN,OBSCLINTIME,OBSCLIN_TIME,6,N,,VARCHAR2,VARCHAR,5
OBS_CLIN,OBSCLINTYPE,OBSCLIN_TYPE,7,N,,VARCHAR2,VARCHAR,2
OBS_CLIN,OBSCLINCODE,OBSCLIN_CODE,8,N,,VARCHAR2,VARCHAR,
OBS_CLIN,OBSCLINRESULTQUAL,OBSCLIN_RESULT_QUAL,9,N,,VARCHAR2,VARCHAR,
OBS_CLIN,OBSCLINRESULTTEXT,OBSCLIN_RESULT_TEXT,10,N,,VARCHAR2,VARCHAR,
OBS_CLIN,OBSCLINRESULTSNOMED,OBSCLIN_RESULT_SNOMED,11,N,,VARCHAR2,VARCHAR,
OBS_CLIN,OBSCLINRESULTNUM,OBSCLIN_RESULT_NUM,12,N,,NUMBER,NUMERIC,
OBS_CLIN,OBSCLINRESULTMODIFIER,OBSCLIN_RESULT_MODIFIER,13,N,,VARCHAR2,VARCHAR,2
OBS_CLIN,OBSCLINRESULTUNIT,OBSCLIN_RESULT_UNIT,14,N,,VARCHAR2,VARCHAR,
OBS_CLIN,OBSCLINSOURCE,OBSCLIN_SOURCE,15,N,,VARCHAR2,VARCHAR,2
OBS_CLIN,ROBSCLINNAME,RAW_OBSCLIN_NAME,16,N,,VARCHAR2,VARCHAR,
OBS_CLIN,ROBSCLINCODE,RAW_OBSCLIN_CODE,17,N,,VARCHAR2,VARCHAR,
OBS_CLIN,ROBSCLINTYPE,RAW_OBSCLIN_TYPE,18,N,,VARCHAR2,VARCHAR,
OBS_CLIN,ROBSCLINRESULT,RAW_OBSCLIN_RESULT,19,N,,VARCHAR2,VARCHAR,
OBS_CLIN,ROBSCLINMODIFIER,RAW_OBSCLIN_MODIFIER,20,N,,VARCHAR2,VARCHAR,
OBS_CLIN,ROBSCLINUNIT,RAW_OBSCLIN_UNIT,21,N,,VARCHAR2,VARCHAR,
OBS_GEN,OBSGENID,OBSGENID,1,Y,P,VARCHAR2,VARCHAR,
OBS_GEN,PATID,PATID,2,Y,,VARCHAR2,VARCHAR,
OBS_GEN,ENCOUNTERID,ENCOUNTERID,3,N,,VARCHAR2,VARCHAR,
OBS_GEN,OBSGENPROVIDERID,OBSGEN_PROVIDERID,4,N,,VARCHAR2,VARCHAR,
OBS_GEN,OBSGENDATE,OBSGEN_DATE,5,Y,,DATE,DATE,
OBS_GEN,OBSGENTIME,OBSGEN_TIME,6,N,,VARCHAR2,VARCHAR,5
OBS_GEN,OBSGENTYPE,OBSGEN_TYPE,7,N,,VARCHAR2,VARCHAR,30
OBS_GEN,OBSGENCODE,OBSGEN_CODE,8,N,,VARCHAR2,VARCHAR,
OBS_GEN,OBSGENRESULTQUAL,OBSGEN_RESULT_QUAL,9,N,,VARCHAR2,VARCHAR,
OBS_GEN,OBSGENRESULTTEXT,OBSGEN_RESULT_TEXT,10,N,,VARCHAR2,VARCHAR,
OBS_GEN,OBSGENRESULTNUM,OBSGEN_RESULT_NUM,11,N,,NUMBER,NUMERIC,
OBS_GEN,OBSGENRESULTMODIFIER,OBSGEN_RESULT_MODIFIER,12,N,,VARCHAR2,VARCHAR,2
OBS_GEN,OBSGENRESULTUNIT,OBSGEN_RESULT_UNIT,13,N,,VARCHAR2,VARCHAR,
OBS_GEN,OBSGENTABLEMODIFIED,OBSGEN_TABLE_MODIFIED,14,N,,VARCHAR2,VARCHAR,3
OBS_GEN,OBSGENIDMODIFIED,OBSGEN_ID_MODIFIED,15,N,,VARCHAR2,VARCHAR,
OBS_GEN,OBSGENSOURCE,OBSGEN_SOURCE,16,N,,VARCHAR2,VARCHAR,2
OBS_GEN,ROBSGENNAME,RAW_OBSGEN_NAME,17,N,,VARCHAR2,VARCHAR,
OBS_GEN,ROBSGENCODE,RAW_OBSGEN_CODE,18,N,,VARCHAR2,VARCHAR,
OBS_GEN,ROBSGENTYPE,RAW_OBSGEN_TYPE,19,N,,VARCHAR2,VARCHAR,
OBS_GEN,ROBSGENRESULT,RAW_OBSGEN_RESULT,20,N,,VARCHAR2,VARCHAR,
OBS_GEN,ROBSGENUNIT,RAW_OBSGEN_UNIT,21,N,,VARCHAR2,VARCHAR,
HASH_TOKEN,PATID,PATID,1,Y,P,VARCHAR2,VARCHAR,
HASH_TOKEN,TOKEN01,TOKEN_01,2,N,,VARCHAR2,VARCHAR,
HASH_TOKEN,TOKEN02,TOKEN_02,3,N,,VARCHAR2,VARCHAR,
HASH_TOKEN,TOKEN03,TOKEN_03,4,N,,VARCHAR2,VARCHAR,
HASH_TOKEN,TOKEN04,TOKEN_04,5,N,,VARCHAR2,VARCHAR,
HASH_TOKEN,TOKEN05,TOKEN_05,6,N,,VARCHAR2,VARCHAR,
HASH_TOKEN,TOKEN16,TOKEN_16,7,N,,VARCHAR2,VARCHAR,
LDS_ADDRESS_HISTORY,ADDRESSID,ADDRESSID,1,Y,P,VARCHAR2,VARCHAR,
LDS_ADDRESS_HISTORY,PATID,PATID,2,Y,,VARCHAR2,VARCHAR,
LDS_ADDRESS_HISTORY,ADDRESSUSE,ADDRESS_USE,3,Y,,VARCHAR2,VARCHAR,2
LDS_ADDRESS_HISTORY,ADDRESSTYPE,ADDRESS_TYPE,4,Y,,VARCHAR2,VARCHAR,2
LDS_ADDRESS_HISTORY,ADDRESSPREFERRED,ADDRESS_PREFERRED,5,Y,,VARCHAR2,VARCHAR,2
LDS_ADDRESS_HISTORY,ADDRESSCITY,ADDRESS_CITY,6,N,,VARCHAR2,VARCHAR,
LDS_ADDRESS_HISTORY,ADDRESSSTATE,ADDRESS_STATE,7,N,,VARCHAR2,VARCHAR,2
LDS_ADDRESS_HISTORY,ADDRESSZIP5,ADDRESS_ZIP5,8,N,,VARCHAR2,VARCHAR,5
LDS_ADDRESS_HISTORY,ADDRESSZIP9,ADDRESS_ZIP9,9,N,,VARCHAR2,VARCHAR,9
LDS_ADDRESS_HISTORY,ADDRESSPERIODSTART,ADDRESS_PERIOD_START,10,N,,DATE,DATE,
LDS_ADDRESS_HISTORY,ADDRESSPERIODEND,ADDRESS_PERIOD_END,11,N,,DATE,DATE,
IMMUNIZATION,IMMUNIZATIONID,IMMUNIZATIONID,1,Y,P,VARCHAR2,VARCHAR,
IMMUNIZATION,PATID,PATID,2,Y,,VARCHAR2,VARCHAR,
IMMUNIZATION,ENCOUNTERID,ENCOUNTERID,3,N,,VARCHAR2,VARCHAR,
IMMUNIZATION,PROCEDURESID,PROCEDURESID,4,N,,VARCHAR2,VARCHAR,
IMMUNIZATION,VXPROVIDERID,VX_PROVIDERID,5,N,,VARCHAR2,VARCHAR,
IMMUNIZATION,VXRECORDDATE,VX_RECORD_DATE,6,N,,DATE,DATE,
IMMUNIZATION,VXADMINDATE,VX_ADMIN_DATE,7,N,,DATE,DATE,
IMMUNIZATION,VXCODETYPE,VX_CODE_TYPE,8,Y,,VARCHAR2,VARCHAR,2
IMMUNIZATION,VXCODE,VX_CODE,9,Y,,VARCHAR2,VARCHAR,
IMMUNIZATION,VXSTATUS,VX_STATUS,10,Y,,VARCHAR2,VARCHAR,2
IMMUNIZATION,VXSTATUSREASON,VX_STATUS_REASON,11,N,,VARCHAR2,VARCHAR,2
IMMUNIZATION,VXSOURCE,VX_SOURCE,12,N,,VARCHAR2,VARCHAR,2
IMMUNIZATION,VXDOSE,VX_DOSE,13,N,,NUMBER,NUMERIC,
IMMUNIZATION,VXDOSEUNIT,VX_DOSE_UNIT,14,N,,VARCHAR2,VARCHAR,
IMMUNIZATION,VXROUTE,VX_ROUTE,15,N,,VARCHAR2,VARCHAR,
IMMUNIZATION,VXBODYSITE,VX_BODY_SITE,16,N,,VARCHAR2,VARCHAR,
IMMUNIZATION,VXMANUFACTURER,VX_MANUFACTURER,17,N,,VARCHAR2,VARCHAR,
IMMUNIZATION,VXLOTNUM,VX_LOT_NUM,18,N,,VARCHAR2,VARCHAR,
IMMUNIZATION,VXEXPDATE,VX_EXP_DATE,19,N,,DATE,DATE,
IMMUNIZATION,RVXNAME,RAW_VX_NAME,20,N,,VARCHAR2,VARCHAR,
IMMUNIZATION,RVXCODE,RAW_VX_CODE,21,N,,VARCHAR2,VARCHAR,
IMMUNIZATION,RVXCODETYPE,RAW_VX_CODE_TYPE,22,N,,VARCHAR2,VARCHAR,
IMMUNIZATION,RVXDOSE,RAW_VX_DOSE,23,N,,VARCHAR2,VARCHAR,
IMMUNIZATION,RVXDOSEUNIT,RAW_VX_DOSE_UNIT,24,N,,VARCHAR2,VARCHAR,
IMMUNIZATION,RVXROUTE,RAW_VX_ROUTE,25,N,,VARCHAR2,VARCHAR,
IMMUNIZATION,RVXBODYSITE,RAW_VX_BODY_SITE,26,N,,VARCHAR2,VARCHAR,
IMMUNIZATION,RVXSTATUS,RAW_VX_STATUS,27,N,,VARCHAR2,VARCHAR,
IMMUNIZATION,RVXSTATUSREASON,RAW_VX_STATUS_REASON,28,N,,VARCHAR2,VARCHAR,
IMMUNIZATION,RVXMANUFACTURER,RAW_VX_MANUFACTURER,29,N,,VARCHAR2,VARCHAR,
HARVEST,NETWORKID,NETWORKID,1,Y,P,VARCHAR2,VARCHAR,10
HARVEST,NETWORKNAME,NETWORK_NAME,2,N,,VARCHAR2,VARCHAR,20
HARVEST,DATAMARTID,DATAMARTID,3,Y,P,VARCHAR2,VARCHAR,10
HARVEST,DATAMARTNAME,DATAMART_NAME,4,N,,VARCHAR2,VARCHAR,20
HARVEST,DATAMARTPLATFORM,DATAMART_PLATFORM,5,N,,VARCHAR2,VARCHAR,2
HARVEST,CDMVERSION,CDM_VERSION,6,N,,FLOAT,FLOAT,
HARVEST,DATAMARTCLAIMS,DATAMART_CLAIMS,7,N,,VARCHAR2,VARCHAR,2
HARVEST,DATAMARTEHR,DATAMART_EHR,8,N,,VARCHAR2,VARCHAR,2
HARVEST,BIRTHDATEMGMT,BIRTH_DATE_MGMT,9,N,,VARCHAR2,VARCHAR,2
HARVEST,ENRSTARTDATEMGMT,ENR_START_DATE_MGMT,10,N,,VARCHAR2,VARCHAR,2
HARVEST,ENRENDDATEMGMT,ENR_END_DATE_MGMT,11,N,,VARCHAR2,VARCHAR,2
HARVEST,ADMITDATEMGMT,ADMIT_DATE_MGMT,12,N,,VARCHAR2,VARCHAR,2
HARVEST,DISCHARGEDATEMGMT,DISCHARGE_DATE_MGMT,13,N,,VARCHAR2,VARCHAR,2
HARVEST,DXDATEMGMT,DX_DATE_MGMT,14,N,,VARCHAR2,VARCHAR,2
HARVEST,PXDATEMGMT,PX_DATE_MGMT,15,N,,VARCHAR2,VARCHAR,2
HARVEST,RXORDERDATEMGMT,RX_ORDER_DATE_MGMT,16,N,,VARCHAR2,VARCHAR,2
HARVEST,RXSTARTDATEMGMT,RX_START_DATE_MGMT,17,N,,VARCHAR2,VARCHAR,2
HARVEST,RXENDDATEMGMT,RX_END_DATE_MGMT,18,N,,VARCHAR2,VARCHAR,2
HARVEST,DISPENSEDATEMGMT,DISPENSE_DATE_MGMT,19,N,,VARCHAR2,VARCHAR,2
HARVEST,LABORDERDATEMGMT,LAB_ORDER_DATE_MGMT,20,N,,VARCHAR2,VARCHAR,2
HARVEST,SPECIMENDATEMGMT,SPECIMEN_DATE_MGMT,21,N,,VARCHAR2,VARCHAR,2
HARVEST,RESULTDATEMGMT,RESULT_DATE_MGMT,22,N,,VARCHAR2,VARCHAR,2
HARVEST,MEASUREDATEMGMT,MEASURE_DATE_MGMT,23,N,,VARCHAR2,VARCHAR,2
HARVEST,ONSETDATEMGMT,ONSET_DATE_MGMT,24,N,,VARCHAR2,VARCHAR,2
HARVEST,REPORTDATEMGMT,REPORT_DATE_MGMT,25,N,,VARCHAR2,VARCHAR,2
HARVEST,RESOLVEDATEMGMT,RESOLVE_DATE_MGMT,26,N,,VARCHAR2,VARCHAR,2
HARVEST,PRODATEMGMT,PRO_DATE_MGMT,27,N,,VARCHAR2,VARCHAR,2
HARVEST,DEATHDATEMGMT,DEATH_DATE_MGMT,28,N,,VARCHAR2,VARCHAR,2
HARVEST,MEDADMINSTARTDATEMGMT,MEDADMIN_START_DATE_MGMT,29,N,,VARCHAR2,VARCHAR,2
HARVEST,MEDADMINSTOPDATEMGMT,MEDADMIN_STOP_DATE_MGMT,30,N,,VARCHAR2,VARCHAR,2
HARVEST,OBSCLINDATEMGMT,OBSCLIN_DATE_MGMT,31,N,,VARCHAR2,VARCHAR,2
HARVEST,OBSGENDATEMGMT,OBSGEN_DATE_MGMT,32,N,,VARCHAR2,VARCHAR,2
HARVEST,ADDRESSPERIODSTARTMGMT,ADDRESS_PERIOD_START_MGMT,33,N,,VARCHAR2,VARCHAR,2
HARVEST,ADDRESSPERIODENDMGMT,ADDRESS_PERIOD_END_MGMT,34,N,,VARCHAR2,VARCHAR,2
HARVEST,VXRECORDDATEMGMT,VX_RECORD_DATE_MGMT,35,N,,VARCHAR2,VARCHAR,2
HARVEST,VXADMINDATEMGMT,VX_ADMIN_DATE_MGMT,36,N,,VARCHAR2,VARCHAR,2
HARVEST,VXEXPDATEMGMT,VX_EXP_DATE_MGMT,37,N,,VARCHAR2,VARCHAR,2
HARVEST,REFRESHDEMOGRAPHICDATE,REFRESH_DEMOGRAPHIC_DATE,38,N,,DATE,DATE,
HARVEST,REFRESHENROLLMENTDATE,REFRESH_ENROLLMENT_DATE,39,N,,DATE,DATE,
HARVEST,REFRESHENCOUNTERDATE,REFRESH_ENCOUNTER_DATE,40,N,,DATE,DATE,
HARVEST,REFRESHDIAGNOSISDATE,REFRESH_DIAGNOSIS_DATE,41,N,,DATE,DATE,
HARVEST,REFRESHPROCEDURESDATE,REFRESH_PROCEDURES_DATE,42,N,,DATE,DATE,
HARVEST,REFRESHVITALDATE,REFRESH_VITAL_DATE,43,N,,DATE,DATE,
HARVEST,REFRESHDISPENSINGDATE,REFRESH_DISPENSING_DATE,44,N,,DATE,DATE,
HARVEST,REFRESHLABRESULTCMDATE,REFRESH_LAB_RESULT_CM_DATE,45,N,,DATE,DATE,
HARVEST,REFRESHCONDITIONDATE,REFRESH_CONDITION_DATE,46,N,,DATE,DATE,
HARVEST,REFRESHPROCMDATE,REFRESH_PRO_CM_DATE,47,N,,DATE,DATE,
HARVEST,REFRESHPRESCRIBINGDATE,REFRESH_PRESCRIBING_DATE,48,N,,DATE,DATE,
HARVEST,REFRESHPCORNETTRIALDATE,REFRESH_PCORNET_TRIAL_DATE,49,N,,DATE,DATE,
HARVEST,REFRESHDEATHDATE,REFRESH_DEATH_DATE,50,N,,DATE,DATE,
HARVEST,REFRESHDEATHCAUSEDATE,REFRESH_DEATH_CAUSE_DATE,51,N,,DATE,DATE,
HARVEST,REFRESHMEDADMINDATE,REFRESH_MED_ADMIN_DATE,52,N,,DATE,DATE,
HARVEST,REFRESHOBSCLINDATE,REFRESH_OBS_CLIN_DATE,53,N,,DATE,DATE,
HARVEST,REFRESHPROVIDERDATE,REFRESH_PROVIDER_DATE,54,N,,DATE,DATE,
HARVEST,REFRESHOBSGENDATE,REFRESH_OBS_GEN_DATE,55,N,,DATE,DATE,
HARVEST,REFRESHHASHTOKENDATE,REFRESH_HASH_TOKEN_DATE,56,N,,DATE,DATE,
HARVEST,REFRESHLDSADDRESSHXDATE,REFRESH_LDS_ADDRESS_HX_DATE,57,N,,DATE,DATE,
HARVEST,REFRESHIMMUNIZATIONDATE,REFRESH_IMMUNIZATION_DATE,58,N,,DATE,DATE,
